date,open,high,low,close
4/14/23,132.482,133.837,132.16,133.745
4/13/23,133.114,133.394,132.01,132.551
4/12/23,133.636,134.047,132.73,133.114
4/11/23,133.572,133.806,132.96,133.644
4/10/23,132.124,133.879,131.82,133.59
4/7/23,131.695,132.379,131.5,132.137
4/6/23,131.225,131.905,130.77,131.7
4/5/23,131.717,131.844,130.611,131.231
4/4/23,132.401,133.169,131.518,131.718
4/3/23,133.255,133.755,132.197,132.4
3/31/23,132.665,133.594,132.57,132.797
3/30/23,132.718,132.966,132.18,132.649
3/29/23,130.843,132.89,130.73,132.717
3/28/23,131.533,131.564,130.38,130.834
3/27/23,130.568,131.76,130.47,131.534
3/24/23,130.811,130.939,129.61,130.701
3/23/23,131.357,131.663,130.29,130.804
3/22/23,132.433,133.002,130.97,131.38
3/21/23,131.3,132.631,131.01,132.43
3/20/23,131.821,132.65,130.534,131.28
3/17/23,133.574,133.662,131.53,131.803
3/16/23,133.333,133.827,131.7,133.55
3/15/23,134.246,135.113,132.19,133.329
3/14/23,133.196,134.901,133,134.252
3/13/23,133.891,135.052,132.26,133.196
3/10/23,136.136,136.994,134.11,134.962
3/9/23,137.358,137.358,135.936,136.132
3/8/23,137.15,137.91,136.473,137.358
3/7/23,135.891,137.2,135.537,137.149
3/6/23,135.973,136.19,135.362,135.905
3/3/23,136.752,136.78,135.71,135.831
3/2/23,136.143,137.1,136,136.755
3/1/23,136.164,136.47,135.23,136.182
2/28/23,136.18,136.917,135.71,136.172
2/27/23,136.413,136.554,135.89,136.166
2/24/23,134.692,136.519,134.041,136.406
2/23/23,134.888,135.364,134.481,134.7
2/22/23,135,135.061,134.36,134.861
2/21/23,134.209,135.228,134.142,134.993
2/20/23,134.214,134.538,133.918,134.23
2/17/23,133.936,135.116,133.906,134.114
2/16/23,134.125,134.464,133.58,133.932
2/15/23,133.108,134.359,132.52,134.137
2/14/23,132.41,133.315,131.499,133.158
2/13/23,131.281,132.91,131.207,132.4
2/10/23,131.58,131.888,129.798,131.347
2/9/23,131.38,131.824,130.32,131.58
2/8/23,131.05,131.538,130.57,131.399
2/7/23,132.656,132.706,130.46,131.056
2/6/23,132.464,132.902,131.49,132.634
2/3/23,128.65,131.202,128.3,131.156
2/2/23,128.96,129.133,128.06,128.668
2/1/23,130.07,130.411,128.52,128.923
1/31/23,130.405,130.53,129.73,130.09
1/30/23,129.708,130.569,129.18,130.405
1/27/23,130.176,130.268,129.47,129.804
1/26/23,129.547,130.618,129,130.209
1/25/23,130.162,130.583,129.24,129.565
1/24/23,130.659,131.116,129.7,130.162
1/23/23,129.459,130.887,129.02,130.66
1/20/23,128.406,130.611,128.331,129.464
1/19/23,128.884,128.911,127.75,128.412
1/18/23,128.119,131.577,127.56,128.887
1/17/23,128.588,129.155,127.986,128.1
1/16/23,127.807,128.863,127.217,128.57
1/13/23,129.238,129.43,127.43,127.853
1/12/23,132.456,132.51,128.85,129.27
1/11/23,132.248,132.872,132.04,132.468
1/10/23,131.873,132.478,131.37,132.25
1/9/23,131.943,132.654,131.28,131.874
1/6/23,133.4,134.773,131.97,132.03
1/5/23,132.611,134.054,131.674,133.401
1/4/23,130.991,132.717,129.9,132.603
1/3/23,130.735,131.403,129.487,131.014
1/2/23,130.925,131.041,130.598,130.79
12/30/22,133.01,133.09,130.75,131.072
12/29/22,134.451,134.457,132.85,133.011
12/28/22,133.479,134.5,133.327,134.47
12/27/22,132.85,133.596,132.59,133.477
12/26/22,132.753,133.233,132.276,132.83
12/23/22,132.302,133.142,132.128,132.872
12/22/22,132.426,132.722,131.61,132.302
12/21/22,131.728,132.53,131.48,132.46
12/20/22,136.902,137.473,130.55,131.73
12/19/22,135.973,137.161,135.73,136.9
12/16/22,137.77,137.889,136.26,136.679
12/15/22,135.461,138.175,135.21,137.769
12/14/22,135.59,135.992,134.502,135.453
12/13/22,137.659,137.971,134.63,135.559
12/12/22,136.477,137.85,136.457,137.657
12/9/22,136.652,136.911,135.58,136.578
12/8/22,136.59,137.247,136.22,136.654
12/7/22,137.025,137.856,136.19,136.576
12/6/22,136.76,137.428,135.94,137.043
12/5/22,134.514,136.859,134.09,136.762
12/2/22,135.245,135.984,133.61,134.271
12/1/22,138.112,138.112,135.176,135.25
11/30/22,138.581,139.894,137.616,138.05
11/29/22,138.928,139.353,137.834,138.588
11/28/22,139.224,139.428,137.463,138.92
11/25/22,138.577,139.595,138.349,139.11
11/24/22,139.555,139.635,138.03,138.48
11/23/22,141.181,141.614,139.135,139.593
11/22/22,142.11,142.241,141.05,141.24
11/21/22,140.23,142.252,140.121,142.125
11/18/22,140.189,140.499,139.597,140.341
11/17/22,139.486,140.742,138.85,140.189
11/16/22,139.254,140.291,138.7,139.482
11/15/22,139.883,140.625,137.657,139.25
11/14/22,139.163,140.8,138.78,139.883
11/11/22,140.955,142.481,138.431,138.762
11/10/22,146.471,146.59,140.17,140.955
11/9/22,145.666,146.795,145.15,146.451
11/8/22,146.666,146.935,145.271,145.677
11/7/22,147.202,147.568,146.056,146.634
11/4/22,148.167,148.403,146.516,146.654
11/3/22,147.77,148.45,147.074,148.154
11/2/22,148.224,148.383,145.64,147.771
11/1/22,148.757,148.826,146.952,148.225
10/31/22,147.759,148.849,147.52,148.714
10/28/22,146.277,147.867,145.963,147.42
10/27/22,146.385,146.937,145.08,146.296
10/26/22,148.069,148.413,146.187,146.38
10/25/22,149.024,149.099,147.49,148.078
10/24/22,148.089,149.71,145.46,149.02
10/21/22,150.093,151.944,146.16,147.63
10/20/22,149.848,150.286,149.513,150.092
10/19/22,149.166,149.907,149.07,149.833
10/18/22,148.971,149.389,148.115,149.169
10/17/22,148.429,149.089,148.396,148.973
10/14/22,147.156,148.859,147.06,148.72
10/13/22,146.865,147.674,146.421,147.15
10/12/22,145.792,146.973,145.61,146.861
10/11/22,145.705,145.898,145.4,145.792
10/10/22,145.337,145.806,145.21,145.71
10/7/22,145.076,145.444,144.637,145.33
10/6/22,144.594,145.14,144.36,145.087
10/5/22,144.223,144.847,143.5,144.597
10/4/22,144.6,144.936,143.87,144.222
10/3/22,144.657,145.325,144.13,144.59
9/30/22,144.456,144.81,144.18,144.729
9/29/22,144.096,144.812,144.06,144.454
9/28/22,144.775,144.869,143.88,144.097
9/27/22,144.675,144.904,144.03,144.78
9/26/22,143.461,144.789,143.196,144.676
9/23/22,142.34,143.461,141.74,143.32
9/22/22,144.06,145.901,140.33,142.303
9/21/22,143.725,144.704,143.32,144.068
9/20/22,143.245,143.924,142.91,143.722
9/19/22,142.898,143.644,142.61,143.236
9/16/22,143.472,143.692,142.81,142.906
9/15/22,143.121,143.802,142.77,143.474
9/14/22,144.689,144.964,142.52,143.121
9/13/22,142.809,144.71,141.598,144.683
9/12/22,142.378,143.494,142.13,142.808
9/9/22,144.103,144.122,141.48,142.564
9/8/22,143.738,144.559,143.29,144.095
9/7/22,142.758,144.992,142.73,143.74
9/6/22,140.584,143.075,140.22,142.768
9/5/22,140.156,140.663,140.09,140.58
9/2/22,140.218,140.801,139.84,140.152
9/1/22,139.069,140.231,138.99,140.2
8/31/22,138.761,139.095,138.24,139.065
8/30/22,138.708,139.08,138.02,138.752
8/29/22,137.605,139.002,137.587,138.7
8/26/22,136.472,137.755,136.187,137.752
8/25/22,137.107,137.201,136.29,136.476
8/24/22,136.711,137.244,136.15,137.1
8/23/22,137.488,137.707,135.78,136.712
8/22/22,136.821,137.651,136.67,137.501
8/19/22,135.864,137.231,135.69,136.93
8/18/22,135.091,135.901,134.62,135.87
8/17/22,134.236,135.501,133.88,135.1
8/16/22,133.263,134.685,132.92,134.225
8/15/22,133.436,133.594,132.52,133.269
8/12/22,133,133.894,132.86,133.48
8/11/22,132.863,133.313,131.71,133.006
8/10/22,135.083,135.303,132,132.87
8/9/22,134.966,135.202,134.63,135.079
8/8/22,135.052,135.583,134.33,134.993
8/5/22,133.003,135.506,132.5,134.97
8/4/22,133.827,134.423,132.73,132.984
8/3/22,133.19,134.551,132.26,133.833
8/2/22,131.648,133.2,130.389,133.163
8/1/22,133.215,133.562,131.57,131.644
7/29/22,134.329,134.674,132.48,133.19
7/28/22,136.556,136.579,134.17,134.308
7/27/22,136.904,137.463,136.3,136.567
7/26/22,136.66,136.966,136.25,136.908
7/25/22,136.117,136.789,135.86,136.646
7/22/22,137.366,137.956,135.54,136.05
7/21/22,138.24,138.879,137.27,137.368
7/20/22,138.169,138.376,137.87,138.24
7/19/22,138.122,138.393,137.35,138.161
7/18/22,138.505,138.569,137.86,138.122
7/15/22,138.975,139.129,138.36,138.456
7/14/22,137.41,139.391,137.3,138.973
7/13/22,136.819,137.867,136.66,137.402
7/12/22,137.415,137.534,136.45,136.835
7/11/22,136.116,137.754,136.06,137.422
7/8/22,136.008,136.566,135.31,136.08
7/7/22,135.913,136.222,135.52,136.01
7/6/22,135.836,136.01,134.93,135.92
7/5/22,135.707,136.362,135.5,135.836
7/4/22,135.228,135.775,134.76,135.74
7/1/22,135.731,135.987,134.72,135.175
6/30/22,136.515,136.811,135.52,135.733
6/29/22,136.124,137.003,135.76,136.534
6/28/22,135.417,136.384,135.08,136.122
6/27/22,135.16,135.551,134.49,135.435
6/24/22,134.923,135.4,134.33,135.17
6/23/22,136.123,136.2,134.24,134.927
6/22/22,136.651,136.713,135.65,136.121
6/21/22,135.095,136.708,134.89,136.654
6/20/22,134.993,135.441,134.5,135.091
6/17/22,132.293,135.425,132.15,134.96
6/16/22,133.815,134.678,131.46,132.288
6/15/22,135.565,135.579,133.48,133.81
6/14/22,134.409,135.6,133.85,135.565
6/13/22,134.4,135.197,133.56,134.399
6/10/22,134.383,134.483,133.34,134.42
6/9/22,134.221,134.557,133.16,134.39
6/8/22,132.628,134.477,132.57,134.222
6/7/22,131.901,133.001,131.87,132.63
6/6/22,130.85,132.012,130.4,131.895
6/3/22,129.851,130.979,129.66,130.86
6/2/22,130.138,130.241,129.49,129.854
6/1/22,128.688,130.189,128.6,130.132
5/31/22,127.622,128.892,127.5,128.687
5/30/22,127.122,127.826,126.83,127.63
5/27/22,127.093,127.255,126.65,127.085
5/26/22,127.249,127.582,126.52,127.093
5/25/22,126.826,127.495,126.63,127.242
5/24/22,127.893,128.087,126.33,126.83
5/23/22,127.845,128.059,127.12,127.9
5/20/22,127.718,128.298,127.5,127.85
5/19/22,128.301,128.944,126.99,127.713
5/18/22,129.352,129.536,127.98,128.305
5/17/22,129.057,129.78,128.8,129.36
5/16/22,129.35,129.64,128.67,129.062
5/13/22,128.407,129.454,128.32,129.185
5/12/22,129.962,130.054,127.49,128.417
5/11/22,130.421,130.812,129.42,129.956
5/10/22,130.356,130.579,129.77,130.418
5/9/22,130.57,131.347,130.09,130.333
5/6/22,130.199,130.81,130.07,130.56
5/5/22,129.158,130.559,128.73,130.173
5/4/22,130.107,130.385,128.6,129.145
5/3/22,130.198,130.292,129.67,130.099
5/2/22,129.861,130.477,129.58,130.202
4/29/22,130.839,130.952,129.29,129.83
4/28/22,128.48,131.251,128.32,130.847
4/27/22,127.191,128.591,126.93,128.47
4/26/22,128.13,128.224,127,127.204
4/25/22,128.496,128.865,127.49,128.132
4/22/22,128.377,129.11,127.71,128.425
4/21/22,127.959,128.705,127.78,128.36
4/20/22,128.929,129.405,127.43,127.951
4/19/22,127.09,128.973,126.97,128.922
4/18/22,126.412,127.111,126.23,127.079
4/15/22,125.908,126.681,125.876,126.439
4/14/22,125.67,126.014,125.06,125.907
4/13/22,125.366,126.318,125.32,125.67
4/12/22,125.372,125.76,124.74,125.373
4/11/22,124.207,125.771,124.15,125.35
4/8/22,123.95,124.68,123.64,124.32
4/7/22,123.778,124.003,123.44,123.945
4/6/22,123.59,124.051,123.44,123.769
4/5/22,122.781,123.672,122.35,123.6
4/4/22,122.542,122.958,122.259,122.779
4/1/22,121.672,123.034,121.651,122.49
3/31/22,121.86,122.454,121.25,121.68
3/30/22,122.872,123.205,121.28,121.863
3/29/22,123.879,124.303,121.96,122.88
3/28/22,122.04,125.103,122.006,123.89
3/25/22,122.356,122.434,121.16,122.06
3/24/22,121.123,122.41,120.92,122.34
3/23/22,120.823,121.414,120.56,121.119
3/22/22,119.459,121.033,119.41,120.815
3/21/22,119.135,119.5,119.07,119.461
3/18/22,118.601,119.4,118.44,119.17
3/17/22,118.75,119.026,118.34,118.599
3/16/22,118.294,119.122,118.15,118.761
3/15/22,118.178,118.451,117.68,118.302
3/14/22,117.335,118.22,117.29,118.182
3/11/22,116.133,117.36,116.052,117.268
3/10/22,115.814,116.2,115.758,116.13
3/9/22,115.635,115.95,115.53,115.802
3/8/22,115.292,115.791,115.23,115.638
3/7/22,114.925,115.472,114.79,115.258
3/4/22,115.46,115.557,114.62,114.763
3/3/22,115.516,115.81,115.35,115.457
3/2/22,114.888,115.687,114.76,115.489
3/1/22,114.957,115.29,114.67,114.893
2/28/22,115.229,115.78,114.83,114.997
2/25/22,115.494,115.761,115.12,115.548
2/24/22,114.957,115.7,114.38,115.494
2/23/22,115.043,115.201,114.89,114.973
2/22/22,114.74,115.242,114.47,115.07
2/21/22,115.01,115.124,114.68,114.727
2/18/22,114.941,115.3,114.76,114.992
2/17/22,115.523,115.538,114.82,114.94
2/16/22,115.648,115.791,115.32,115.515
2/15/22,115.508,115.874,115.22,115.61
2/14/22,115.329,115.75,114.98,115.54
2/11/22,115.959,116.174,114.99,115.383
2/10/22,115.503,116.34,115.448,115.959
2/9/22,115.528,115.683,115.29,115.51
2/8/22,115.087,115.63,115.03,115.529
2/7/22,115.215,115.38,114.88,115.11
2/4/22,114.957,115.431,114.74,115.25
2/3/22,114.433,114.99,114.29,114.952
2/2/22,114.743,114.803,114.13,114.437
2/1/22,115.038,115.193,114.53,114.683
1/31/22,115.27,115.593,114.89,115.04
1/28/22,115.368,115.685,115.09,115.178
1/27/22,114.598,115.49,114.44,115.364
1/26/22,113.844,114.695,113.74,114.624
1/25/22,113.884,114.16,113.64,113.858
1/24/22,113.661,114,113.44,113.879
1/21/22,114.087,114.15,113.57,113.674
1/20/22,114.319,114.547,113.93,114.077
1/19/22,114.596,114.788,114.17,114.318
1/18/22,114.606,115.058,114.42,114.61
1/17/22,114.118,114.651,114.088,114.62
1/14/22,114.153,114.265,113.45,114.189
1/13/22,114.627,114.704,113.97,114.178
1/12/22,115.291,115.485,114.35,114.631
1/11/22,115.146,115.681,115.09,115.29
1/10/22,115.592,115.851,115.01,115.2
1/7/22,115.818,116.049,115.475,115.53
1/6/22,116.091,116.19,115.6,115.83
1/5/22,116.124,116.243,115.59,116.112
1/4/22,115.298,116.352,115.256,116.14
1/3/22,115.107,115.367,114.91,115.319
12/31/21,115.033,115.198,114.97,115.068
12/30/21,114.936,115.216,114.897,115.11
12/29/21,114.813,115.038,114.64,114.903
12/28/21,114.841,114.95,114.68,114.809
12/27/21,114.349,114.914,114.28,114.818
12/24/21,114.371,114.513,114.27,114.35
12/23/21,114.068,114.47,114.04,114.38
12/22/21,114.058,114.372,113.92,114.09
12/21/21,113.582,114.22,113.52,114.09
12/20/21,113.612,113.731,113.3,113.571
12/17/21,113.594,113.859,113.11,113.612
12/16/21,113.986,114.247,113.53,113.67
12/15/21,113.707,114.275,113.6,114.001
12/14/21,113.521,113.76,113.39,113.658
12/13/21,113.269,113.73,113.247,113.56
12/10/21,113.452,113.792,113.19,113.374
12/9/21,113.67,113.811,113.24,113.471
12/8/21,113.606,113.956,113.28,113.63
12/7/21,113.463,113.78,113.37,113.589
12/6/21,112.833,113.553,112.802,113.478
12/3/21,113.108,113.613,112.53,112.76
12/2/21,112.768,113.33,112.605,113.18
12/1/21,113.148,113.628,112.64,112.765
11/30/21,113.519,113.891,112.5,113.148
11/29/21,113.693,113.96,112.96,113.524
11/26/21,115.326,115.37,113.02,113.346
11/25/21,115.422,115.458,115.21,115.34
11/24/21,115.119,115.523,114.81,115.413
11/23/21,114.871,115.193,114.478,115.121
11/22/21,113.943,114.961,113.893,114.87
11/19/21,114.24,114.541,113.56,113.988
11/18/21,114.078,114.487,113.85,114.243
11/17/21,114.813,114.97,113.91,114.013
11/16/21,114.098,114.85,114.052,114.81
11/15/21,113.895,114.217,113.73,114.118
11/12/21,114.054,114.301,113.73,113.846
11/11/21,113.902,114.157,113.78,114.055
11/10/21,112.836,114.015,112.74,113.9
11/9/21,113.207,113.291,112.69,112.87
11/8/21,113.36,113.666,113.05,113.23
11/5/21,113.742,114.031,113.27,113.4
11/4/21,113.965,114.28,113.49,113.741
11/3/21,113.941,114.22,113.69,113.973
11/2/21,113.99,114.14,113.43,113.94
11/1/21,114.102,114.45,113.92,113.995
10/29/21,113.561,114.096,113.36,114
10/28/21,113.806,113.867,113.22,113.556
10/27/21,114.141,114.221,113.36,113.81
10/26/21,113.704,114.312,113.68,114.15
10/25/21,113.501,113.925,113.418,113.701
10/22/21,113.985,114.207,113.38,113.46
10/21/21,114.331,114.415,113.62,114
10/20/21,114.36,114.7,114.05,114.333
10/19/21,114.32,114.398,113.85,114.362
10/18/21,114.28,114.457,113.99,114.316
10/15/21,113.633,114.465,113.624,114.2
10/14/21,113.245,113.72,113.18,113.66
10/13/21,113.612,113.805,113.17,113.27
10/12/21,113.333,113.79,112.98,113.607
10/11/21,112.23,113.411,112.14,113.292
10/8/21,111.616,112.255,111.48,112.215
10/7/21,111.418,111.65,111.2,111.607
10/6/21,111.475,111.788,111.17,111.41
10/5/21,110.886,111.562,110.84,111.48
10/4/21,110.894,111.303,110.79,110.892
10/1/21,111.283,111.489,110.87,111.008
9/30/21,111.949,112.078,111.21,111.283
9/29/21,111.491,112.049,111.17,111.95
9/28/21,110.974,111.64,110.9,111.5
9/27/21,110.664,111.065,110.5,110.98
9/24/21,110.304,110.794,110.22,110.685
9/23/21,109.784,110.35,109.74,110.305
9/22/21,109.212,109.9,109.09,109.779
9/21/21,109.394,109.707,109.15,109.212
9/20/21,109.924,110.037,109.29,109.399
9/17/21,109.723,110.082,109.63,109.895
9/16/21,109.355,109.83,109.18,109.723
9/15/21,109.694,109.743,109.08,109.344
9/14/21,110.001,110.163,109.49,109.7
9/13/21,109.82,110.16,109.804,109.992
9/10/21,109.724,109.991,109.66,109.91
9/9/21,110.266,110.28,109.59,109.729
9/8/21,110.265,110.447,110.11,110.268
9/7/21,109.824,110.321,109.65,110.271
9/6/21,109.75,109.947,109.599,109.838
9/3/21,109.931,110.073,109.56,109.692
9/2/21,109.983,110.121,109.88,109.923
9/1/21,109.991,110.42,109.85,109.999
8/31/21,109.898,110.08,109.55,109.989
8/30/21,109.846,109.962,109.67,109.89
8/27/21,110.054,110.268,109.75,109.81
8/26/21,109.981,110.23,109.89,110.059
8/25/21,109.643,110.125,109.602,109.978
8/24/21,109.669,109.881,109.38,109.645
8/23/21,109.735,110.147,109.62,109.677
8/20/21,109.736,109.885,109.54,109.74
8/19/21,109.767,110.228,109.45,109.738
8/18/21,109.561,110.067,109.45,109.769
8/17/21,109.258,109.656,109.09,109.562
8/16/21,109.614,109.751,109.08,109.277
8/13/21,110.415,110.458,109.51,109.57
8/12/21,110.41,110.546,110.28,110.412
8/11/21,110.544,110.801,110.28,110.4
8/10/21,110.31,110.599,110.25,110.545
8/9/21,110.212,110.353,109.99,110.305
8/6/21,109.747,110.357,109.67,110.233
8/5/21,109.465,109.788,109.37,109.753
8/4/21,109.037,109.676,108.69,109.47
8/3/21,109.301,109.341,108.84,109.037
8/2/21,109.621,109.771,109.15,109.297
7/30/21,109.457,109.828,109.33,109.615
7/29/21,109.917,109.947,109.39,109.48
7/28/21,109.767,110.289,109.71,109.93
7/27/21,110.363,110.387,109.55,109.755
7/26/21,110.499,110.584,110.09,110.362
7/23/21,110.127,110.593,110.06,110.51
7/22/21,110.277,110.359,109.98,110.128
7/21/21,109.849,110.387,109.77,110.278
7/20/21,109.453,109.957,109.3,109.847
7/19/21,110.012,110.098,109.03,109.453
7/16/21,109.809,110.343,109.7,110.066
7/15/21,109.952,110.089,109.68,109.81
7/14/21,110.606,110.7,109.908,109.955
7/13/21,110.332,110.648,110.17,110.607
7/12/21,110.121,110.403,109.95,110.331
7/9/21,109.766,110.249,109.761,110.122
7/8/21,110.64,110.661,109.52,109.76
7/7/21,110.622,110.808,110.36,110.637
7/6/21,110.961,110.965,110.49,110.624
7/5/21,111.003,111.19,110.76,110.97
7/2/21,111.523,111.658,110.92,111.04
7/1/21,111.076,111.64,110.99,111.524
6/30/21,110.538,111.122,110.39,111.073
6/29/21,110.604,110.76,110.4,110.55
6/28/21,110.768,110.977,110.47,110.598
6/25/21,110.855,110.983,110.45,110.76
6/24/21,110.959,111.116,110.66,110.857
6/23/21,110.647,111.106,110.59,110.962
6/22/21,110.275,110.793,110.18,110.66
6/21/21,110.212,110.354,109.68,110.301
6/18/21,110.243,110.484,109.91,110.15
6/17/21,110.636,110.824,110.13,110.247
6/16/21,110.028,110.721,109.77,110.635
6/15/21,110.059,110.168,109.95,110.028
6/14/21,109.615,110.099,109.58,110.054
6/11/21,109.329,109.843,109.28,109.635
6/10/21,109.617,109.796,109.27,109.331
6/9/21,109.482,109.657,109.19,109.612
6/8/21,109.247,109.558,109.16,109.48
6/7/21,109.477,109.637,109.16,109.25
6/4/21,110.293,110.33,109.33,109.475
6/3/21,109.545,110.32,109.525,110.29
6/2/21,109.464,109.884,109.298,109.545
6/1/21,109.575,109.706,109.3,109.464
5/31/21,109.836,109.935,109.32,109.562
5/28/21,109.832,110.199,109.71,109.8
5/27/21,109.121,109.923,109,109.832
5/26/21,108.752,109.178,108.69,109.123
5/25/21,108.75,109.074,108.53,108.76
5/24/21,108.911,108.995,108.67,108.76
5/21/21,108.762,109.004,108.58,108.94
5/20/21,109.177,109.308,108.709,108.76
5/19/21,108.884,109.336,108.54,109.184
5/18/21,109.197,109.284,108.8,108.888
5/17/21,109.272,109.502,109.04,109.2
5/14/21,109.458,109.656,109.16,109.347
5/13/21,109.662,109.786,109.37,109.451
5/12/21,108.603,109.71,108.58,109.65
5/11/21,108.844,108.982,108.32,108.605
5/10/21,108.612,109.056,108.43,108.846
5/7/21,109.063,109.289,108.31,108.582
5/6/21,109.191,109.428,108.97,109.08
5/5/21,109.298,109.481,109.11,109.19
5/4/21,109.053,109.488,109,109.27
5/3/21,109.286,109.7,108.86,109.053
4/30/21,108.922,109.373,108.68,109.318
4/29/21,108.59,109.223,108.4,108.909
4/28/21,108.699,109.08,108.54,108.59
4/27/21,108.08,108.774,108.06,108.699
4/26/21,107.907,108.197,107.61,108.076
4/23/21,107.953,108.146,107.45,107.858
4/22/21,108.054,108.233,107.78,107.953
4/21/21,108.079,108.281,107.85,108.058
4/20/21,108.144,108.548,107.94,108.071
4/19/21,108.743,108.835,107.98,108.144
4/16/21,108.724,108.965,108.58,108.75
4/15/21,108.932,108.964,108.58,108.725
4/14/21,109.048,109.096,108.72,108.919
4/13/21,109.375,109.754,108.99,109.048
4/12/21,109.675,109.771,109.21,109.38
4/9/21,109.26,109.96,109.18,109.655
4/8/21,109.819,109.904,108.97,109.26
4/7/21,109.766,109.941,109.55,109.82
4/6/21,110.138,110.552,109.64,109.77
4/5/21,110.644,110.75,109.93,110.14
4/2/21,110.577,110.75,110.34,110.67
4/1/21,110.72,110.847,110.51,110.569
3/31/21,110.351,110.967,110.24,110.714
3/30/21,109.816,110.426,109.73,110.354
3/29/21,109.711,109.848,109.34,109.829
3/26/21,109.163,109.848,109.1,109.667
3/25/21,108.735,109.238,108.7,109.162
3/24/21,108.612,108.957,108.42,108.728
3/23/21,108.835,108.873,108.38,108.61
3/22/21,108.597,108.956,108.576,108.828
3/19/21,108.912,109.131,108.58,108.901
3/18/21,108.846,109.303,108.6,108.92
3/17/21,108.984,109.325,108.71,108.86
3/16/21,109.142,109.287,108.74,108.991
3/15/21,108.987,109.365,108.88,109.123
3/12/21,108.496,109.166,108.46,108.979
3/11/21,108.359,108.812,108.33,108.488
3/10/21,108.489,108.92,108.3,108.379
3/9/21,108.827,109.233,108.38,108.477
3/8/21,108.335,108.943,108.245,108.855
3/5/21,107.964,108.644,107.79,108.277
3/4/21,107.008,107.987,106.94,107.97
3/3/21,106.684,107.153,106.65,106.993
3/2/21,106.76,106.957,106.64,106.676
3/1/21,106.53,106.888,106.34,106.759
2/26/21,106.157,106.693,105.81,106.504
2/25/21,105.859,106.405,105.81,106.187
2/24/21,105.245,106.104,105.16,105.842
2/23/21,105.064,105.429,104.89,105.209
2/22/21,105.382,105.845,104.95,105.064
2/19/21,105.671,105.743,105.21,105.386
2/18/21,105.868,105.924,105.57,105.678
2/17/21,106.035,106.225,105.75,105.868
2/16/21,105.351,106.079,105.15,106.036
2/15/21,104.891,105.418,104.861,105.355
2/12/21,104.739,105.181,104.669,104.922
2/11/21,104.584,104.805,104.52,104.733
2/10/21,104.555,104.842,104.38,104.58
2/9/21,105.205,105.263,104.47,104.58
2/8/21,105.337,105.672,105.12,105.214
2/5/21,105.494,105.769,105.3,105.38
2/4/21,105.027,105.567,104.94,105.529
2/3/21,104.954,105.105,104.89,105.028
2/2/21,104.922,105.173,104.8,104.974
2/1/21,104.716,105.035,104.58,104.934
1/29/21,104.193,104.939,104.169,104.657
1/28/21,104.086,104.463,104.03,104.23
1/27/21,103.613,104.2,103.56,104.088
1/26/21,103.75,103.828,103.52,103.605
1/25/21,103.769,103.937,103.64,103.745
1/22/21,103.496,103.887,103.445,103.719
1/21/21,103.538,103.668,103.3,103.485
1/20/21,103.899,103.94,103.41,103.536
1/19/21,103.683,104.086,103.62,103.903
1/18/21,103.777,103.931,103.61,103.687
1/15/21,103.8,103.914,103.58,103.79
1/14/21,103.869,104.198,103.53,103.802
1/13/21,103.746,103.997,103.49,103.871
1/12/21,104.244,104.335,103.69,103.747
1/11/21,103.857,104.397,103.82,104.247
1/8/21,103.765,104.094,103.57,103.88
1/7/21,103.011,103.957,102.92,103.777
1/6/21,102.706,103.444,102.56,103.014
1/5/21,103.105,103.191,102.57,102.697
1/4/21,103.099,103.316,102.68,103.103
1/1/21,103.248,103.267,103.191,103.191
12/31/20,103.154,103.315,102.96,103.259
12/30/20,103.567,103.6,102.93,103.182
12/29/20,103.779,103.83,103.43,103.56
12/28/20,103.496,103.898,103.37,103.789
12/25/20,103.606,103.67,103.419,103.572
12/24/20,103.546,103.766,103.47,103.572
12/23/20,103.616,103.653,103.32,103.545
12/22/20,103.298,103.734,103.25,103.63
12/21/20,103.482,103.89,103.22,103.319
12/18/20,103.1,103.595,103.048,103.3
12/17/20,103.43,103.562,102.85,103.072
12/16/20,103.645,103.918,103.23,103.43
12/15/20,104.02,104.153,103.57,103.652
12/14/20,103.975,104.102,103.48,104.028
12/11/20,104.222,104.28,103.79,104.029
12/10/20,104.212,104.58,104.105,104.23
12/9/20,104.149,104.406,104.02,104.225
12/8/20,104.046,104.207,103.92,104.145
12/7/20,104.102,104.313,103.89,104.046
12/4/20,103.831,104.245,103.7,104.131
12/3/20,104.402,104.537,103.64,103.84
12/2/20,104.312,104.751,104.19,104.4
12/1/20,104.297,104.58,104.15,104.285
11/30/20,104.056,104.41,103.8,104.299
11/27/20,104.251,104.281,103.88,104.085
11/26/20,104.43,104.472,104.19,104.26
11/25/20,104.43,104.6,104.23,104.443
11/24/20,104.481,104.761,104.11,104.426
11/23/20,103.78,104.638,103.61,104.48
11/20/20,103.741,103.911,103.67,103.813
11/19/20,103.817,104.215,103.69,103.735
11/18/20,104.183,104.208,103.62,103.827
11/17/20,104.564,104.606,104.04,104.184
11/16/20,104.65,105.138,104.33,104.568
11/13/20,105.127,105.161,104.53,104.63
11/12/20,105.427,105.478,105.04,105.128
11/11/20,105.283,105.677,104.97,105.427
11/10/20,105.357,105.487,104.79,105.282
11/9/20,103.298,105.647,103.16,105.356
11/6/20,103.437,103.759,103.14,103.361
11/5/20,104.497,104.544,103.41,103.445
11/4/20,104.448,105.347,104.12,104.503
11/3/20,104.661,104.81,104.4,104.471
11/2/20,104.496,104.949,104.468,104.694
10/30/20,104.6,104.742,104.09,104.662
10/29/20,104.306,104.728,103.98,104.592
10/28/20,104.48,104.556,104.08,104.31
10/27/20,104.838,104.89,104.35,104.475
10/26/20,104.661,105.055,104.62,104.839
10/23/20,104.843,104.937,104.51,104.69
10/22/20,104.55,104.923,104.43,104.851
10/21/20,105.47,105.526,104.31,104.539
10/20/20,105.424,105.748,105.38,105.46
10/19/20,105.372,105.502,105.249,105.423
10/16/20,105.41,105.442,105.16,105.394
10/15/20,105.103,105.494,105.063,105.41
10/14/20,105.477,105.516,105,105.098
10/13/20,105.303,105.629,105.227,105.478
10/12/20,105.732,105.738,105.201,105.3
10/9/20,106.004,106.041,105.512,105.59
10/8/20,105.976,106.108,105.88,106.009
10/7/20,105.6,106.11,105.534,105.97
10/6/20,105.715,105.785,105.438,105.615
10/5/20,105.468,105.794,105.333,105.71
10/2/20,105.52,105.67,104.883,105.325
10/1/20,105.426,105.73,105.35,105.532
9/30/20,105.638,105.804,105.332,105.426
9/29/20,105.504,105.734,105.287,105.64
9/28/20,105.681,105.693,105.202,105.501
9/25/20,105.392,105.7,105.2,105.559
9/24/20,105.328,105.531,105.145,105.395
9/23/20,104.921,105.497,104.848,105.34
9/22/20,104.65,105.077,104.353,104.921
9/21/20,104.541,104.904,103.942,104.656
9/18/20,104.751,104.873,104.214,104.532
9/17/20,104.947,105.173,104.451,104.748
9/16/20,105.414,105.432,104.746,104.942
9/15/20,105.699,105.82,105.234,105.419
9/14/20,106.098,106.166,105.496,105.7
9/11/20,106.142,106.266,106.02,106.14
9/10/20,106.193,106.303,105.89,106.1
9/9/20,105.942,106.277,105.733,106.15
9/8/20,106.271,106.382,105.79,105.94
9/7/20,106.225,106.386,106.09,106.266
9/4/20,106.149,106.506,105.991,106.232
9/3/20,106.17,106.552,105.939,106.145
9/2/20,106.006,106.302,105.903,106.18
9/1/20,105.881,106.152,105.56,105.935
8/31/20,105.654,106.096,105.279,105.88
8/28/20,106.611,106.947,105.17,105.326
8/27/20,105.885,106.701,105.56,106.61
8/26/20,106.36,106.556,105.8,105.87
8/25/20,105.959,106.578,105.84,106.355
8/24/20,105.883,106,105.66,105.96
8/21/20,105.748,106.072,105.41,105.812
8/20/20,105.976,106.217,105.71,105.741
8/19/20,105.337,106.152,105.07,105.973
8/18/20,106.032,106.052,105.25,105.348
8/17/20,106.583,106.654,105.91,106.031
8/14/20,106.96,107.04,106.4,106.565
8/13/20,106.862,107.05,106.53,106.96
8/12/20,106.46,107.015,106.42,106.877
8/11/20,105.934,106.683,105.89,106.472
8/10/20,105.915,106.202,105.67,105.95
8/7/20,105.507,106.057,105.45,105.872
8/6/20,105.601,105.7,105.26,105.507
8/5/20,105.779,105.873,105.28,105.6
8/4/20,106.031,106.2,105.6,105.77
8/3/20,105.784,106.472,105.54,106.015
7/31/20,104.719,106.055,104.14,105.922
7/30/20,104.947,105.295,104.65,104.72
7/29/20,105.095,105.242,104.73,104.96
7/28/20,105.304,105.69,104.92,105.07
7/27/20,105.983,106.055,105.08,105.32
7/24/20,106.83,106.851,105.65,106.122
7/23/20,107.147,107.23,106.67,106.83
7/22/20,106.868,107.29,106.68,107.16
7/21/20,107.252,107.37,106.65,106.869
7/20/20,107.027,107.545,106.98,107.245
7/17/20,107.314,107.362,106.9,107.013
7/16/20,106.916,107.401,106.8,107.31
7/15/20,107.252,107.31,106.63,106.91
7/14/20,107.297,107.435,107.08,107.26
7/13/20,106.893,107.32,106.75,107.29
7/10/20,107.194,107.264,106.61,106.912
7/9/20,107.285,107.4,107.06,107.197
7/8/20,107.554,107.711,107.157,107.28
7/7/20,107.373,107.791,107.22,107.548
7/6/20,107.528,107.772,107.22,107.367
7/3/20,107.527,107.569,107.35,107.483
7/2/20,107.45,107.725,107.3,107.528
7/1/20,107.949,108.165,107.33,107.449
6/30/20,107.559,107.993,107.49,107.948
6/29/20,107.166,107.884,106.995,107.56
6/26/20,107.161,107.36,106.77,107.215
6/25/20,107.049,107.453,106.98,107.162
6/24/20,106.446,107.148,106.35,107.049
6/23/20,106.907,107.222,106.04,106.46
6/22/20,106.83,107.011,106.74,106.904
6/19/20,106.929,107.06,106.72,106.86
6/18/20,107.052,107.13,106.63,106.925
6/17/20,107.369,107.441,106.92,107.049
6/16/20,107.427,107.64,107.18,107.367
6/15/20,107.459,107.494,106.97,107.42
6/12/20,106.792,107.554,106.55,107.342
6/11/20,106.928,107.235,106.54,106.792
6/10/20,107.818,107.874,106.89,106.92
6/9/20,108.529,108.53,107.58,107.819
6/8/20,109.585,109.673,108.21,108.53
6/5/20,109.151,109.851,109.01,109.584
6/4/20,108.982,109.198,108.58,109.15
6/3/20,108.615,108.993,108.39,108.979
6/2/20,107.553,108.773,107.48,108.616
6/1/20,107.735,107.857,107.35,107.554
5/29/20,107.673,107.896,107.05,107.783
5/28/20,107.749,107.902,107.54,107.677
5/27/20,107.491,107.95,107.33,107.766
5/26/20,107.738,107.923,107.36,107.497
5/25/20,107.691,107.782,107.59,107.723
5/22/20,107.602,107.763,107.29,107.6
5/21/20,107.621,107.85,107.51,107.603
5/20/20,107.831,107.984,107.31,107.617
5/19/20,107.305,108.088,107.27,107.83
5/18/20,107.258,107.505,107.04,107.291
5/15/20,107.239,107.435,106.83,107.157
5/14/20,107.023,107.37,106.74,107.24
5/13/20,107.251,107.268,106.71,107.019
5/12/20,107.642,107.685,107.088,107.249
5/11/20,106.875,107.77,106.737,107.639
5/8/20,106.299,106.747,106.19,106.682
5/7/20,106.039,106.66,106.01,106.29
5/6/20,106.5,106.508,105.96,106.038
5/5/20,106.694,106.9,106.39,106.5
5/4/20,106.834,107.069,106.61,106.693
5/1/20,107.112,107.406,106.57,106.909
4/30/20,106.594,107.499,106.38,107.116
4/29/20,106.839,106.842,106.33,106.589
4/28/20,107.254,107.339,106.53,106.841
4/27/20,107.451,107.623,106.97,107.251
4/24/20,107.587,107.76,107.33,107.484
4/23/20,107.784,108.045,107.31,107.584
4/22/20,107.752,107.938,107.49,107.784
4/21/20,107.719,107.893,107.26,107.749
4/20/20,107.639,107.95,107.52,107.715
4/17/20,107.964,108.084,107.28,107.549
4/16/20,107.437,108.083,107.14,107.959
4/15/20,107.182,107.873,106.9,107.43
4/14/20,107.697,107.76,106.95,107.181
4/13/20,108.328,108.39,107.47,107.693
4/10/20,108.5,108.59,108.3,108.382
4/9/20,108.857,109.063,108.18,108.474
4/8/20,108.799,109.103,108.48,108.861
4/7/20,109.214,109.233,108.64,108.791
4/6/20,108.454,109.382,108.43,109.212
4/3/20,108.129,108.678,107.78,108.453
4/2/20,107.207,108.13,106.99,108.124
4/1/20,107.759,107.94,106.89,107.2
3/31/20,107.976,108.727,107.43,107.759
3/30/20,107.66,108.293,107.11,107.97
3/27/20,109.332,109.392,107.73,107.88
3/26/20,111.009,111.038,109.19,109.332
3/25/20,111.197,111.68,110.73,111.009
3/24/20,110.982,111.716,110.06,111.193
3/23/20,111.068,111.596,109.64,110.975
3/20/20,110.856,111.505,109.31,110.85
3/19/20,108.005,110.96,107.96,110.855
3/18/20,107.25,108.656,106.74,108.005
3/17/20,106.287,107.864,106.06,107.253
3/16/20,106.382,107.57,105.12,106.284
3/13/20,104.776,108.505,104.49,107.9
3/12/20,104.731,106.099,103.07,104.776
3/11/20,105.105,105.331,104.089,104.725
3/10/20,102.438,105.92,102.37,105.104
3/9/20,103.717,104.309,101.178,102.433
3/6/20,106.16,106.344,104.96,105.36
3/5/20,107.536,107.742,105.94,106.162
3/4/20,107.149,107.689,106.83,107.53
3/3/20,108.274,108.537,106.924,107.142
3/2/20,107.378,108.578,107.334,108.271
2/28/20,109.531,109.681,107.48,108.056
2/27/20,110.42,110.46,109.31,109.536
2/26/20,110.2,110.702,110.1,110.423
2/25/20,110.664,111.042,109.86,110.201
2/24/20,111.428,111.683,110.3,110.669
2/21/20,112.057,112.187,111.44,111.565
2/20/20,111.241,112.228,111.08,112.056
2/19/20,109.86,111.593,109.82,111.24
2/18/20,109.855,109.948,109.63,109.861
2/17/20,109.772,109.97,109.69,109.855
2/14/20,109.817,109.912,109.67,109.774
2/13/20,110.078,110.09,109.59,109.808
2/12/20,109.786,110.134,109.76,110.075
2/11/20,109.755,109.966,109.69,109.784
2/10/20,109.712,109.879,109.54,109.752
2/7/20,109.983,110.02,109.5,109.74
2/6/20,109.792,110.023,109.74,109.982
2/5/20,109.459,109.847,109.28,109.791
2/4/20,108.665,109.545,108.52,109.461
2/3/20,108.35,108.8,108.3,108.662
1/31/20,108.926,109.136,108.29,108.36
1/30/20,109.011,109.064,108.55,108.932
1/29/20,109.234,109.267,108.95,109.01
1/28/20,108.914,109.265,108.73,109.24
1/27/20,108.903,109.139,108.71,108.914
1/24/20,109.521,109.654,109.14,109.3
1/23/20,109.829,109.84,109.24,109.521
1/22/20,109.847,110.099,109.78,109.823
1/21/20,110.172,110.223,109.73,109.848
1/20/20,110.13,110.22,110.08,110.173
1/17/20,110.177,110.29,110.02,110.15
1/16/20,109.877,110.19,109.83,110.171
1/15/20,109.984,110.003,109.76,109.879
1/14/20,109.933,110.214,109.83,109.98
1/13/20,109.522,109.947,109.5,109.932
1/10/20,109.477,109.69,109.39,109.47
1/9/20,109.071,109.582,108.98,109.477
1/8/20,108.453,109.245,107.63,109.072
1/7/20,108.368,108.63,108.23,108.45
1/6/20,107.803,108.507,107.74,108.368
1/3/20,108.542,108.631,107.82,108.08
1/2/20,108.668,108.866,108.18,108.541
1/1/20,108.63,108.79,108.56,108.668
12/31/19,108.86,108.88,108.44,108.69
12/30/19,109.436,109.461,108.74,108.87
12/27/19,109.569,109.593,109.36,109.41
12/26/19,109.373,109.684,109.33,109.569
12/25/19,109.374,109.48,109.23,109.38
12/24/19,109.398,109.441,109.29,109.374
12/23/19,109.444,109.538,109.31,109.397
12/20/19,109.377,109.526,109.23,109.43
12/19/19,109.576,109.685,109.15,109.377
12/18/19,109.507,109.628,109.37,109.576
12/17/19,109.607,109.634,109.41,109.504
12/16/19,109.354,109.676,109.32,109.6
12/13/19,109.484,109.707,109.17,109.41
12/12/19,108.544,109.579,108.42,109.486
12/11/19,108.798,108.857,108.45,108.545
12/10/19,108.573,108.809,108.48,108.798
12/9/19,108.592,108.68,108.4,108.577
12/6/19,108.748,108.923,108.405,108.55
12/5/19,108.855,108.998,108.62,108.748
12/4/19,108.635,108.963,108.4,108.858
12/3/19,109.057,109.207,108.45,108.635
12/2/19,109.509,109.727,108.89,109.057
11/29/19,109.517,109.67,109.37,109.48
11/28/19,109.531,109.548,109.3,109.513
11/27/19,109.051,109.61,109.01,109.531
11/26/19,108.934,109.208,108.84,109.051
11/25/19,108.691,108.978,108.65,108.933
11/22/19,108.619,108.732,108.45,108.62
11/21/19,108.455,108.698,108.25,108.618
11/20/19,108.546,108.74,108.32,108.452
11/19/19,108.664,108.84,108.42,108.546
11/18/19,108.755,109.073,108.48,108.664
11/15/19,108.397,108.87,108.35,108.87
11/14/19,108.773,108.863,108.23,108.399
11/13/19,108.972,109.151,108.63,108.772
11/12/19,109.059,109.295,108.89,108.972
11/11/19,109.228,109.255,108.86,109.059
11/8/19,109.309,109.477,109.05,109.23
11/7/19,108.964,109.49,108.62,109.308
11/6/19,109.158,109.183,108.79,108.962
11/5/19,108.593,109.245,108.56,109.16
11/4/19,108.234,108.65,108.17,108.595
11/1/19,108.031,108.325,107.87,108.15
10/31/19,108.805,108.863,107.9,108.031
10/30/19,108.871,109.287,108.69,108.805
10/29/19,108.968,109.069,108.74,108.87
10/28/19,108.7,109.04,108.63,108.96
10/25/19,108.627,108.774,108.48,108.66
10/24/19,108.65,108.753,108.47,108.626
10/23/19,108.497,108.705,108.22,108.65
10/22/19,108.601,108.728,108.4,108.5
10/21/19,108.354,108.664,108.29,108.6
10/18/19,108.593,108.723,108.34,108.35
10/17/19,108.701,108.939,108.45,108.589
10/16/19,108.842,108.855,108.55,108.701
10/15/19,108.371,108.9,108.12,108.844
10/14/19,108.51,108.522,108.02,108.371
10/11/19,107.936,108.631,107.82,108.36
10/10/19,107.074,108.02,107.02,107.938
10/9/19,107.016,107.63,106.9,107.072
10/8/19,107.225,107.444,106.78,107.014
10/7/19,106.852,107.464,106.66,107.22
10/4/19,106.883,107.134,106.529,106.88
10/3/19,107.176,107.3,106.47,106.882
10/2/19,107.751,107.892,107.03,107.176
10/1/19,108.072,108.471,107.6,107.751
9/30/19,107.876,108.18,107.71,108.069
9/27/19,107.813,108.181,107.62,107.92
9/26/19,107.748,107.959,107.4,107.813
9/25/19,107.109,107.884,106.97,107.748
9/24/19,107.492,107.803,106.93,107.109
9/23/19,107.683,107.77,107.28,107.492
9/20/19,108.019,108.088,107.5,107.515
9/19/19,108.4,108.474,107.75,108.019
9/18/19,108.108,108.477,108.05,108.398
9/17/19,108.117,108.371,107.99,108.108
9/16/19,107.819,108.17,107.46,108.12
9/13/19,108.155,108.26,107.88,108.1
9/12/19,107.814,108.191,107.5,108.155
9/11/19,107.51,107.857,107.47,107.815
9/10/19,107.21,107.586,107.17,107.512
9/9/19,106.896,107.275,106.74,107.21
9/6/19,107.02,107.102,106.6,106.89
9/5/19,106.336,107.23,106.3,107.018
9/4/19,105.957,106.447,105.8,106.337
9/3/19,106.2,106.385,105.71,105.957
9/2/19,106.115,106.4,106.03,106.202
8/30/19,106.5,106.545,106.07,106.28
8/29/19,106.007,106.683,105.8,106.5
8/28/19,105.765,106.23,105.62,106.005
8/27/19,106.096,106.123,105.56,105.757
8/26/19,104.866,106.414,104.78,106.098
8/23/19,106.442,106.734,105.23,105.39
8/22/19,106.579,106.653,106.23,106.44
8/21/19,106.274,106.646,106.22,106.58
8/20/19,106.612,106.692,106.14,106.27
8/19/19,106.466,106.698,106.22,106.613
8/16/19,106.132,106.494,105.99,106.36
8/15/19,105.794,106.78,105.68,106.13
8/14/19,106.611,106.677,105.648,105.792
8/13/19,105.278,106.977,105.04,106.607
8/12/19,105.628,105.634,105.02,105.27
8/9/19,105.843,106.077,105.24,105.66
8/8/19,106.12,106.303,105.69,105.843
8/7/19,106.382,106.419,105.49,106.11
8/6/19,105.663,107.09,105.52,106.384
8/5/19,106.631,106.633,105.5,105.663
8/2/19,107.514,107.519,106.48,106.58
8/1/19,108.738,109.318,107.2,107.514
7/31/19,108.598,109,108.46,108.732
7/30/19,108.824,108.949,108.43,108.59
7/29/19,108.646,108.9,108.39,108.821
7/26/19,108.624,108.829,108.53,108.66
7/25/19,108.167,108.757,108.01,108.623
7/24/19,108.219,108.277,107.92,108.165
7/23/19,107.893,108.29,107.79,108.219
7/22/19,107.808,108.07,107.68,107.89
7/19/19,107.492,107.978,107.3,107.7
7/18/19,107.959,108.016,107.18,107.488
7/17/19,108.236,108.33,107.83,107.958
7/16/19,107.863,108.377,107.81,108.232
7/15/19,107.879,108.11,107.77,107.863
7/12/19,108.473,108.61,107.77,107.93
7/11/19,108.32,108.533,107.83,108.47
7/10/19,108.88,108.991,108.28,108.32
7/9/19,108.731,108.964,108.67,108.885
7/8/19,108.507,108.806,108.25,108.729
7/5/19,107.798,108.638,107.75,108.46
7/4/19,107.785,107.843,107.68,107.798
7/3/19,107.854,107.903,107.5,107.785
7/2/19,108.312,108.475,107.74,107.855
7/1/19,108.489,108.533,108.07,108.316
6/28/19,107.792,107.935,107.54,107.82
6/27/19,107.727,108.161,107.62,107.786
6/26/19,107.208,107.85,107.1,107.727
6/25/19,107.33,107.41,106.75,107.2
6/24/19,107.353,107.537,107.22,107.33
6/21/19,107.346,107.735,107.02,107.31
6/20/19,108.085,108.143,107.19,107.349
6/19/19,108.51,108.618,107.89,108.084
6/18/19,108.547,108.677,108.04,108.511
6/17/19,108.544,108.724,108.49,108.547
6/14/19,108.369,108.588,108.13,108.55
6/13/19,108.461,108.538,108.13,108.367
6/12/19,108.515,108.563,108.19,108.462
6/11/19,108.423,108.801,108.32,108.516
6/10/19,108.469,108.717,108.3,108.422
6/7/19,108.37,108.618,107.85,108.18
6/6/19,108.267,108.564,108,108.367
6/5/19,108.204,108.485,107.79,108.265
6/4/19,107.955,108.359,107.82,108.202
6/3/19,108.195,108.446,107.85,107.955
5/31/19,109.584,109.594,108.225,108.27
5/30/19,109.591,109.926,109.44,109.583
5/29/19,109.355,109.699,109.12,109.591
5/28/19,109.535,109.63,109.18,109.36
5/27/19,109.404,109.581,109.33,109.536
5/24/19,109.5,109.745,109.242,109.3
5/23/19,110.305,110.365,109.43,109.5
5/22/19,110.545,110.626,110.21,110.302
5/21/19,110.036,110.673,110.01,110.545
5/20/19,110.036,110.319,109.78,110.037
5/17/19,109.862,110.194,109.47,109.95
5/16/19,109.556,109.967,109.31,109.862
5/15/19,109.651,109.703,109.13,109.555
5/14/19,109.23,109.774,109.12,109.65
5/13/19,109.766,109.81,108.99,109.229
5/10/19,109.726,110.05,109.47,109.891
5/9/19,110.065,110.084,109.52,109.72
5/8/19,110.252,110.289,109.87,110.066
5/7/19,110.781,110.854,110.14,110.251
5/6/19,110.811,110.959,110.27,110.78
5/3/19,111.526,111.699,111.04,111.11
5/2/19,111.39,111.666,111.34,111.526
5/1/19,111.451,111.614,111.02,111.389
4/30/19,111.664,111.69,111.2,111.449
4/29/19,111.598,111.899,111.55,111.664
4/26/19,111.575,112.031,111.4,111.59
4/25/19,112.098,112.24,111.36,111.574
4/24/19,111.87,112.401,111.65,112.097
4/23/19,111.935,112.034,111.64,111.871
4/22/19,111.914,111.992,111.87,111.936
4/19/19,111.978,112.007,111.855,111.91
4/18/19,112.036,112.062,111.73,111.978
4/17/19,111.987,112.166,111.89,112.036
4/16/19,111.99,112.046,111.81,111.985
4/15/19,111.993,112.097,111.86,111.989
4/12/19,111.626,112.096,111.55,112.02
4/11/19,110.949,111.696,110.89,111.625
4/10/19,111.133,111.281,110.81,110.949
4/9/19,111.319,111.39,110.95,111.132
4/8/19,111.676,111.732,111.25,111.497
4/5/19,111.636,111.824,111.526,111.73
4/4/19,111.465,111.684,111.31,111.636
4/3/19,111.328,111.579,111.18,111.465
4/2/19,111.403,111.457,111.22,111.331
4/1/19,110.94,111.444,110.8,111.401
3/29/19,110.655,110.95,110.51,110.82
3/28/19,110.488,110.832,109.99,110.655
3/27/19,110.527,110.714,110.2,110.488
3/26/19,110.036,110.69,109.97,110.527
3/25/19,110.01,110.241,109.69,110.036
3/22/19,110.789,110.898,109.72,109.91
3/21/19,110.721,110.959,110.27,110.788
3/20/19,111.367,111.696,110.5,110.72
3/19/19,111.402,111.476,111.13,111.366
3/18/19,111.47,111.63,111.27,111.399
3/15/19,111.696,111.902,111.36,111.42
3/14/19,111.253,111.834,111.11,111.691
3/13/19,111.313,111.465,110.98,111.255
3/12/19,111.32,111.467,111.08,111.313
3/11/19,111.091,111.346,110.85,111.327
3/8/19,111.607,111.651,110.746,111.1
3/7/19,111.7,111.858,111.45,111.61
3/6/19,111.883,111.923,111.59,111.701
3/5/19,111.743,112.137,111.69,111.887
3/4/19,111.818,112.014,111.61,111.744
3/1/19,111.382,112.077,111.3,111.878
2/28/19,110.945,111.494,110.63,111.383
2/27/19,110.563,111.074,110.32,110.945
2/26/19,111.065,111.076,110.4,110.562
2/25/19,110.757,111.235,110.55,111.068
2/22/19,110.662,110.906,110.53,110.62
2/21/19,110.801,110.855,110.55,110.663
2/20/19,110.583,110.95,110.53,110.801
2/19/19,110.606,110.824,110.42,110.58
2/18/19,110.5,110.656,110.43,110.612
2/15/19,110.484,110.646,110.23,110.535
2/14/19,111.024,111.128,110.38,110.481
2/13/19,110.465,111.055,110.4,111.031
2/12/19,110.383,110.651,110.31,110.462
2/11/19,109.799,110.468,109.74,110.387
2/8/19,109.768,109.898,109.62,109.722
2/7/19,109.925,110.088,109.58,109.771
2/6/19,109.945,110.053,109.53,109.924
2/5/19,109.904,110.041,109.75,109.947
2/4/19,109.477,110.163,109.4,109.905
2/1/19,108.836,109.581,108.7,109.48
1/31/19,109.061,109.063,108.47,108.836
1/30/19,109.358,109.743,108.78,109.059
1/29/19,109.301,109.542,109.1,109.358
1/28/19,109.531,109.562,109.13,109.298
1/25/19,109.567,109.95,109.43,109.536
1/24/19,109.556,109.801,109.39,109.565
1/23/19,109.335,109.999,109.29,109.557
1/22/19,109.633,109.694,109.12,109.334
1/21/19,109.732,109.76,109.45,109.633
1/18/19,109.19,109.889,109.03,109.772
1/17/19,109.117,109.401,108.66,109.19
1/16/19,108.63,109.197,108.34,109.117
1/15/19,108.156,108.767,108.11,108.63
1/14/19,108.503,108.511,107.97,108.153
1/11/19,108.437,108.598,108.12,108.472
1/10/19,108.156,108.519,107.74,108.435
1/9/19,108.784,109.004,107.96,108.156
1/8/19,108.657,109.088,108.42,108.781
1/7/19,108.472,108.748,107.99,108.653
1/4/19,107.673,108.589,107.48,108.48
1/3/19,106.717,108.304,106.551,107.675
1/2/19,109.678,109.726,104.707,106.711
1/1/19,109.92,109.99,109.58,109.678
12/31/18,110.273,110.475,109.522,109.63
12/28/18,110.92,110.941,110.12,110.251
12/27/18,111.301,111.306,110.42,110.919
12/26/18,110.217,111.408,110.12,111.302
12/25/18,110.423,110.431,109.98,110.217
12/24/18,111.03,111.191,110.24,110.42
12/21/18,111.283,111.459,110.91,111.21
12/20/18,112.415,112.604,110.78,111.283
12/19/18,112.478,112.665,112.05,112.415
12/18/18,112.825,112.849,112.22,112.474
12/17/18,113.319,113.521,112.65,112.82
12/14/18,113.597,113.675,113.18,113.35
12/13/18,113.263,113.708,113.17,113.595
12/12/18,113.391,113.521,113.11,113.269
12/11/18,113.259,113.466,112.98,113.391
12/10/18,112.63,113.374,112.21,113.26
12/7/18,112.706,112.928,112.52,112.72
12/6/18,113.153,113.165,112.2,112.714
12/5/18,112.755,113.242,112.62,113.158
12/4/18,113.624,113.639,112.54,112.755
12/3/18,113.719,113.823,113.34,113.624
11/30/18,113.45,113.72,113.31,113.545
11/29/18,113.625,113.632,113.17,113.452
11/28/18,113.769,114.037,113.43,113.621
11/27/18,113.565,113.843,113.38,113.767
11/26/18,112.912,113.651,112.85,113.565
11/23/18,112.946,113.01,112.63,112.94
11/22/18,113.106,113.132,112.85,112.943
11/21/18,112.728,113.23,112.61,113.107
11/20/18,112.483,112.843,112.27,112.728
11/19/18,112.783,112.875,112.39,112.484
11/16/18,113.58,113.613,112.62,112.812
11/15/18,113.57,113.707,113.07,113.58
11/14/18,113.808,114.01,113.27,113.57
11/13/18,113.797,114.147,113.56,113.804
11/12/18,113.876,114.214,113.63,113.798
11/9/18,114.046,114.055,113.62,113.82
11/8/18,113.524,114.088,113.48,114.045
11/7/18,113.448,113.818,112.92,113.525
11/6/18,113.2,113.505,113.07,113.45
11/5/18,113.194,113.339,113.05,113.2
11/2/18,112.647,113.323,112.59,113.16
11/1/18,112.932,113.003,112.53,112.648
10/31/18,113.084,113.385,112.77,112.932
10/30/18,112.344,113.171,112.27,113.084
10/29/18,111.865,112.565,111.75,112.344
10/26/18,112.401,112.444,111.35,111.83
10/25/18,112.086,112.674,111.8,112.402
10/24/18,112.385,112.744,112.01,112.087
10/23/18,112.822,112.83,111.94,112.385
10/22/18,112.462,112.886,112.32,112.822
10/19/18,112.195,112.648,112.11,112.531
10/18/18,112.621,112.731,111.94,112.195
10/17/18,112.311,112.717,111.98,112.621
10/16/18,111.772,112.339,111.73,112.311
10/15/18,112.181,112.236,111.59,111.772
10/12/18,112.114,112.497,111.85,112.198
10/11/18,112.248,112.536,111.81,112.115
10/10/18,113.015,113.287,112.09,112.248
10/9/18,113.131,113.392,112.84,113.013
10/8/18,113.71,113.943,112.79,113.134
10/5/18,113.895,114.101,113.53,113.709
10/4/18,114.461,114.55,113.6,113.893
10/3/18,113.652,114.542,113.49,114.461
10/2/18,113.998,114.012,113.5,113.652
10/1/18,113.746,114.062,113.7,113.998
9/28/18,113.4,113.712,113.29,113.66
9/27/18,112.758,113.468,112.53,113.4
9/26/18,112.971,113.136,112.6,112.756
9/25/18,112.797,112.997,112.71,112.971
9/24/18,112.543,112.838,112.41,112.792
9/21/18,112.484,112.874,112.386,112.567
9/20/18,112.268,112.584,112.03,112.484
9/19/18,112.355,112.447,112.13,112.27
9/18/18,111.68,112.39,111.64,112.35
9/17/18,111.969,112.122,111.64,111.682
9/14/18,112.044,112.169,111.73,112.049
9/13/18,111.234,112.048,111.14,112.042
9/12/18,111.63,111.633,111.09,111.234
9/11/18,111.136,111.651,111.04,111.63
9/10/18,110.985,111.249,110.83,111.136
9/7/18,110.669,111.248,110.36,110.988
9/6/18,111.463,111.513,110.5,110.667
9/5/18,111.46,111.758,111.37,111.464
9/4/18,111.089,111.533,110.87,111.461
9/3/18,111.183,111.189,110.837,111.089
8/31/18,111.018,111.135,110.66,111.02
8/30/18,111.724,111.755,110.93,111.018
8/29/18,111.17,111.829,111.09,111.725
8/28/18,111.072,111.358,110.93,111.17
8/27/18,111.244,111.348,110.9,111.074
8/24/18,111.352,111.487,111.07,111.216
8/23/18,110.549,111.395,110.51,111.352
8/22/18,110.073,110.617,110,110.549
8/21/18,109.931,110.547,109.74,110.078
8/20/18,110.508,110.685,109.89,109.93
8/17/18,110.943,111.052,110.28,110.49
8/16/18,110.629,111.124,110.44,110.945
8/15/18,111.179,111.432,110.41,110.63
8/14/18,110.722,111.315,110.56,111.18
8/13/18,110.595,110.939,110.08,110.722
8/10/18,111.157,111.17,110.49,110.797
8/9/18,110.882,111.185,110.68,111.158
8/8/18,111.364,111.439,110.81,110.882
8/7/18,111.363,111.479,110.96,111.364
8/6/18,111.246,111.527,111.14,111.362
8/3/18,111.626,111.875,111.07,111.205
8/2/18,111.67,111.737,111.305,111.619
8/1/18,111.767,112.152,111.37,111.67
7/31/18,111.022,111.958,110.738,111.767
7/30/18,110.964,111.165,110.86,111.021
7/27/18,111.201,111.256,110.77,111.021
7/26/18,110.915,111.25,110.57,111.201
7/25/18,111.242,111.384,110.64,110.915
7/24/18,111.377,111.514,110.93,111.24
7/23/18,111.333,111.544,110.74,111.376
7/20/18,112.446,112.623,111.35,111.416
7/19/18,112.858,113.176,112.043,112.443
7/18/18,112.924,113.138,112.69,112.858
7/17/18,112.313,112.949,112.2,112.924
7/16/18,112.397,112.564,112.2,112.308
7/13/18,112.607,112.8,112.24,112.33
7/12/18,111.941,112.661,111.89,112.607
7/11/18,110.842,112.176,110.74,111.942
7/10/18,110.87,111.354,110.77,110.841
7/9/18,110.409,110.903,110.33,110.87
7/6/18,110.659,110.786,110.35,110.464
7/5/18,110.472,110.732,110.27,110.659
7/4/18,110.5,110.557,110.25,110.471
7/3/18,110.839,111.135,110.45,110.5
7/2/18,110.702,111.063,110.57,110.838
6/29/18,110.488,110.943,110.35,110.67
6/28/18,110.231,110.649,109.94,110.49
6/27/18,110.057,110.49,109.65,110.231
6/26/18,109.676,110.216,109.35,110.058
6/25/18,109.921,110.042,109.35,109.677
6/22/18,109.902,110.218,109.78,109.855
6/21/18,110.37,110.76,109.81,109.899
6/20/18,110.034,110.451,109.82,110.376
6/19/18,110.542,110.548,109.53,110.034
6/18/18,110.611,110.669,110.27,110.542
6/15/18,110.573,110.904,110.36,110.635
6/14/18,110.195,110.694,109.89,110.571
6/13/18,110.445,110.848,110.06,110.19
6/12/18,110.165,110.543,110.07,110.443
6/11/18,109.414,110.173,109.34,110.165
6/8/18,109.691,109.853,109.17,109.515
6/7/18,110.16,110.222,109.47,109.692
6/6/18,109.827,110.267,109.76,110.16
6/5/18,109.9,110.005,109.45,109.826
6/4/18,109.552,109.907,109.35,109.891
6/1/18,108.773,109.736,108.7,109.518
5/31/18,108.824,109.003,108.37,108.773
5/30/18,108.627,109.075,108.32,108.824
5/29/18,109.45,109.459,108.08,108.629
5/28/18,109.644,109.748,109.22,109.45
5/25/18,109.257,109.744,109.09,109.425
5/24/18,109.985,110.044,108.93,109.259
5/23/18,110.824,110.879,109.54,109.989
5/22/18,110.956,111.186,110.75,110.824
5/21/18,110.866,111.396,110.8,110.957
5/18/18,110.783,111.082,110.58,110.776
5/17/18,110.294,110.86,110.06,110.783
5/16/18,110.286,110.408,110.01,110.294
5/15/18,109.708,110.456,109.63,110.285
5/14/18,109.36,109.717,109.18,109.705
5/11/18,109.407,109.568,109.12,109.38
5/10/18,109.746,110.019,109.29,109.406
5/9/18,109.1,109.833,108.97,109.745
5/8/18,109.137,109.352,108.81,109.1
5/7/18,109.087,109.398,108.73,109.135
5/4/18,109.155,109.274,108.62,109.101
5/3/18,109.831,109.856,108.9,109.157
5/2/18,109.908,110.037,109.56,109.829
5/1/18,109.271,109.911,109.22,109.908
4/30/18,109.142,109.452,108.99,109.267
4/27/18,109.348,109.539,108.96,109.033
4/26/18,109.409,109.457,109.03,109.35
4/25/18,108.857,109.469,108.76,109.409
4/24/18,108.672,109.202,108.52,108.856
4/23/18,107.78,108.754,107.7,108.672
4/20/18,107.425,107.856,107.34,107.647
4/19/18,107.215,107.517,107.18,107.423
4/18/18,107.033,107.386,106.98,107.213
4/17/18,107.115,107.213,106.85,107.033
4/16/18,107.542,107.586,107.01,107.114